"0","pick_above9801 <- exchangeRate$`期間` >="
"0","  lubridate::ymd(""1998-01-01"")"
"0",""
"0","exchangeRate_after98 <- list("
"0","  `期間` = exchangeRate$`期間`[pick_above9801] ,"
"0","  `幣別` = exchangeRate$`幣別`[pick_above9801] ,"
"0","  `匯率` = exchangeRate$`匯率`[pick_above9801]"
"0"," )"
"0","exchangeRate_after98"
"1","$期間
"
"1","   [1]"
"1"," ""1998-01-01"""
"1"," ""1998-02-01"""
"1"," ""1998-03-01"""
"1"," ""1998-04-01"""
"1"," ""1998-05-01"""
"1","
"
"1","   [6]"
"1"," ""1998-06-01"""
"1"," ""1998-07-01"""
"1"," ""1998-08-01"""
"1"," ""1998-09-01"""
"1"," ""1998-10-01"""
"1","
"
"1","  [11]"
"1"," ""1998-11-01"""
"1"," ""1998-12-01"""
"1"," ""1999-01-01"""
"1"," ""1999-02-01"""
"1"," ""1999-03-01"""
"1","
"
"1","  [16]"
"1"," ""1999-04-01"""
"1"," ""1999-05-01"""
"1"," ""1999-06-01"""
"1"," ""1999-07-01"""
"1"," ""1999-08-01"""
"1","
"
"1","  [21]"
"1"," ""1999-09-01"""
"1"," ""1999-10-01"""
"1"," ""1999-11-01"""
"1"," ""1999-12-01"""
"1"," ""2000-01-01"""
"1","
"
"1","  [26]"
"1"," ""2000-02-01"""
"1"," ""2000-03-01"""
"1"," ""2000-04-01"""
"1"," ""2000-05-01"""
"1"," ""2000-06-01"""
"1","
"
"1","  [31]"
"1"," ""2000-07-01"""
"1"," ""2000-08-01"""
"1"," ""2000-09-01"""
"1"," ""2000-10-01"""
"1"," ""2000-11-01"""
"1","
"
"1","  [36]"
"1"," ""2000-12-01"""
"1"," ""2001-01-01"""
"1"," ""2001-02-01"""
"1"," ""2001-03-01"""
"1"," ""2001-04-01"""
"1","
"
"1","  [41]"
"1"," ""2001-05-01"""
"1"," ""2001-06-01"""
"1"," ""2001-07-01"""
"1"," ""2001-08-01"""
"1"," ""2001-09-01"""
"1","
"
"1","  [46]"
"1"," ""2001-10-01"""
"1"," ""2001-11-01"""
"1"," ""2001-12-01"""
"1"," ""2002-01-01"""
"1"," ""2002-02-01"""
"1","
"
"1","  [51]"
"1"," ""2002-03-01"""
"1"," ""2002-04-01"""
"1"," ""2002-05-01"""
"1"," ""2002-06-01"""
"1"," ""2002-07-01"""
"1","
"
"1","  [56]"
"1"," ""2002-08-01"""
"1"," ""2002-09-01"""
"1"," ""2002-10-01"""
"1"," ""2002-11-01"""
"1"," ""2002-12-01"""
"1","
"
"1","  [61]"
"1"," ""2003-01-01"""
"1"," ""2003-02-01"""
"1"," ""2003-03-01"""
"1"," ""2003-04-01"""
"1"," ""2003-05-01"""
"1","
"
"1","  [66]"
"1"," ""2003-06-01"""
"1"," ""2003-07-01"""
"1"," ""2003-08-01"""
"1"," ""2003-09-01"""
"1"," ""2003-10-01"""
"1","
"
"1","  [71]"
"1"," ""2003-11-01"""
"1"," ""2003-12-01"""
"1"," ""2004-01-01"""
"1"," ""2004-02-01"""
"1"," ""2004-03-01"""
"1","
"
"1","  [76]"
"1"," ""2004-04-01"""
"1"," ""2004-05-01"""
"1"," ""2004-06-01"""
"1"," ""2004-07-01"""
"1"," ""2004-08-01"""
"1","
"
"1","  [81]"
"1"," ""2004-09-01"""
"1"," ""2004-10-01"""
"1"," ""2004-11-01"""
"1"," ""2004-12-01"""
"1"," ""2005-01-01"""
"1","
"
"1","  [86]"
"1"," ""2005-02-01"""
"1"," ""2005-03-01"""
"1"," ""2005-04-01"""
"1"," ""2005-05-01"""
"1"," ""2005-06-01"""
"1","
"
"1","  [91]"
"1"," ""2005-07-01"""
"1"," ""2005-08-01"""
"1"," ""2005-09-01"""
"1"," ""2005-10-01"""
"1"," ""2005-11-01"""
"1","
"
"1","  [96]"
"1"," ""2005-12-01"""
"1"," ""2006-01-01"""
"1"," ""2006-02-01"""
"1"," ""2006-03-01"""
"1"," ""2006-04-01"""
"1","
"
"1"," [101]"
"1"," ""2006-05-01"""
"1"," ""2006-06-01"""
"1"," ""2006-07-01"""
"1"," ""2006-08-01"""
"1"," ""2006-09-01"""
"1","
"
"1"," [106]"
"1"," ""2006-10-01"""
"1"," ""2006-11-01"""
"1"," ""2006-12-01"""
"1"," ""2007-01-01"""
"1"," ""2007-02-01"""
"1","
"
"1"," [111]"
"1"," ""2007-03-01"""
"1"," ""2007-04-01"""
"1"," ""2007-05-01"""
"1"," ""2007-06-01"""
"1"," ""2007-07-01"""
"1","
"
"1"," [116]"
"1"," ""2007-08-01"""
"1"," ""2007-09-01"""
"1"," ""2007-10-01"""
"1"," ""2007-11-01"""
"1"," ""2007-12-01"""
"1","
"
"1"," [121]"
"1"," ""2008-01-01"""
"1"," ""2008-02-01"""
"1"," ""2008-03-01"""
"1"," ""2008-04-01"""
"1"," ""2008-05-01"""
"1","
"
"1"," [126]"
"1"," ""2008-06-01"""
"1"," ""2008-07-01"""
"1"," ""2008-08-01"""
"1"," ""2008-09-01"""
"1"," ""2008-10-01"""
"1","
"
"1"," [131]"
"1"," ""2008-11-01"""
"1"," ""2008-12-01"""
"1"," ""2009-01-01"""
"1"," ""2009-02-01"""
"1"," ""2009-03-01"""
"1","
"
"1"," [136]"
"1"," ""2009-04-01"""
"1"," ""2009-05-01"""
"1"," ""2009-06-01"""
"1"," ""2009-07-01"""
"1"," ""2009-08-01"""
"1","
"
"1"," [141]"
"1"," ""2009-09-01"""
"1"," ""2009-10-01"""
"1"," ""2009-11-01"""
"1"," ""2009-12-01"""
"1"," ""2010-01-01"""
"1","
"
"1"," [146]"
"1"," ""2010-02-01"""
"1"," ""2010-03-01"""
"1"," ""2010-04-01"""
"1"," ""2010-05-01"""
"1"," ""2010-06-01"""
"1","
"
"1"," [151]"
"1"," ""2010-07-01"""
"1"," ""2010-08-01"""
"1"," ""2010-09-01"""
"1"," ""2010-10-01"""
"1"," ""2010-11-01"""
"1","
"
"1"," [156]"
"1"," ""2010-12-01"""
"1"," ""2011-01-01"""
"1"," ""2011-02-01"""
"1"," ""2011-03-01"""
"1"," ""2011-04-01"""
"1","
"
"1"," [161]"
"1"," ""2011-05-01"""
"1"," ""2011-06-01"""
"1"," ""2011-07-01"""
"1"," ""2011-08-01"""
"1"," ""2011-09-01"""
"1","
"
"1"," [166]"
"1"," ""2011-10-01"""
"1"," ""2011-11-01"""
"1"," ""2011-12-01"""
"1"," ""2012-01-01"""
"1"," ""2012-02-01"""
"1","
"
"1"," [171]"
"1"," ""2012-03-01"""
"1"," ""2012-04-01"""
"1"," ""2012-05-01"""
"1"," ""2012-06-01"""
"1"," ""2012-07-01"""
"1","
"
"1"," [176]"
"1"," ""2012-08-01"""
"1"," ""2012-09-01"""
"1"," ""2012-10-01"""
"1"," ""2012-11-01"""
"1"," ""2012-12-01"""
"1","
"
"1"," [181]"
"1"," ""2013-01-01"""
"1"," ""2013-02-01"""
"1"," ""2013-03-01"""
"1"," ""2013-04-01"""
"1"," ""2013-05-01"""
"1","
"
"1"," [186]"
"1"," ""2013-06-01"""
"1"," ""2013-07-01"""
"1"," ""2013-08-01"""
"1"," ""2013-09-01"""
"1"," ""2013-10-01"""
"1","
"
"1"," [191]"
"1"," ""2013-11-01"""
"1"," ""2013-12-01"""
"1"," ""2014-01-01"""
"1"," ""2014-02-01"""
"1"," ""2014-03-01"""
"1","
"
"1"," [196]"
"1"," ""2014-04-01"""
"1"," ""2014-05-01"""
"1"," ""2014-06-01"""
"1"," ""2014-07-01"""
"1"," ""2014-08-01"""
"1","
"
"1"," [201]"
"1"," ""2014-09-01"""
"1"," ""2014-10-01"""
"1"," ""2014-11-01"""
"1"," ""2014-12-01"""
"1"," ""2015-01-01"""
"1","
"
"1"," [206]"
"1"," ""2015-02-01"""
"1"," ""2015-03-01"""
"1"," ""2015-04-01"""
"1"," ""2015-05-01"""
"1"," ""2015-06-01"""
"1","
"
"1"," [211]"
"1"," ""2015-07-01"""
"1"," ""2015-08-01"""
"1"," ""2015-09-01"""
"1"," ""2015-10-01"""
"1"," ""2015-11-01"""
"1","
"
"1"," [216]"
"1"," ""2015-12-01"""
"1"," ""2016-01-01"""
"1"," ""2016-02-01"""
"1"," ""2016-03-01"""
"1"," ""2016-04-01"""
"1","
"
"1"," [221]"
"1"," ""2016-05-01"""
"1"," ""2016-06-01"""
"1"," ""2016-07-01"""
"1"," ""2016-08-01"""
"1"," ""2016-09-01"""
"1","
"
"1"," [226]"
"1"," ""2016-10-01"""
"1"," ""2016-11-01"""
"1"," ""2016-12-01"""
"1"," ""2017-01-01"""
"1"," ""2017-02-01"""
"1","
"
"1"," [231]"
"1"," ""2017-03-01"""
"1"," ""2017-04-01"""
"1"," ""2017-05-01"""
"1"," ""2017-06-01"""
"1"," ""2017-07-01"""
"1","
"
"1"," [236]"
"1"," ""2017-08-01"""
"1"," ""2017-09-01"""
"1"," ""2017-10-01"""
"1"," ""2017-11-01"""
"1"," ""2017-12-01"""
"1","
"
"1"," [241]"
"1"," ""2018-01-01"""
"1"," ""2018-02-01"""
"1"," ""2018-03-01"""
"1"," ""2018-04-01"""
"1"," ""2018-05-01"""
"1","
"
"1"," [246]"
"1"," ""2018-06-01"""
"1"," ""2018-07-01"""
"1"," ""2018-08-01"""
"1"," ""2018-09-01"""
"1"," ""1998-01-01"""
"1","
"
"1"," [251]"
"1"," ""1998-02-01"""
"1"," ""1998-03-01"""
"1"," ""1998-04-01"""
"1"," ""1998-05-01"""
"1"," ""1998-06-01"""
"1","
"
"1"," [256]"
"1"," ""1998-07-01"""
"1"," ""1998-08-01"""
"1"," ""1998-09-01"""
"1"," ""1998-10-01"""
"1"," ""1998-11-01"""
"1","
"
"1"," [261]"
"1"," ""1998-12-01"""
"1"," ""1999-01-01"""
"1"," ""1999-02-01"""
"1"," ""1999-03-01"""
"1"," ""1999-04-01"""
"1","
"
"1"," [266]"
"1"," ""1999-05-01"""
"1"," ""1999-06-01"""
"1"," ""1999-07-01"""
"1"," ""1999-08-01"""
"1"," ""1999-09-01"""
"1","
"
"1"," [271]"
"1"," ""1999-10-01"""
"1"," ""1999-11-01"""
"1"," ""1999-12-01"""
"1"," ""2000-01-01"""
"1"," ""2000-02-01"""
"1","
"
"1"," [276]"
"1"," ""2000-03-01"""
"1"," ""2000-04-01"""
"1"," ""2000-05-01"""
"1"," ""2000-06-01"""
"1"," ""2000-07-01"""
"1","
"
"1"," [281]"
"1"," ""2000-08-01"""
"1"," ""2000-09-01"""
"1"," ""2000-10-01"""
"1"," ""2000-11-01"""
"1"," ""2000-12-01"""
"1","
"
"1"," [286]"
"1"," ""2001-01-01"""
"1"," ""2001-02-01"""
"1"," ""2001-03-01"""
"1"," ""2001-04-01"""
"1"," ""2001-05-01"""
"1","
"
"1"," [291]"
"1"," ""2001-06-01"""
"1"," ""2001-07-01"""
"1"," ""2001-08-01"""
"1"," ""2001-09-01"""
"1"," ""2001-10-01"""
"1","
"
"1"," [296]"
"1"," ""2001-11-01"""
"1"," ""2001-12-01"""
"1"," ""2002-01-01"""
"1"," ""2002-02-01"""
"1"," ""2002-03-01"""
"1","
"
"1"," [301]"
"1"," ""2002-04-01"""
"1"," ""2002-05-01"""
"1"," ""2002-06-01"""
"1"," ""2002-07-01"""
"1"," ""2002-08-01"""
"1","
"
"1"," [306]"
"1"," ""2002-09-01"""
"1"," ""2002-10-01"""
"1"," ""2002-11-01"""
"1"," ""2002-12-01"""
"1"," ""2003-01-01"""
"1","
"
"1"," [311]"
"1"," ""2003-02-01"""
"1"," ""2003-03-01"""
"1"," ""2003-04-01"""
"1"," ""2003-05-01"""
"1"," ""2003-06-01"""
"1","
"
"1"," [316]"
"1"," ""2003-07-01"""
"1"," ""2003-08-01"""
"1"," ""2003-09-01"""
"1"," ""2003-10-01"""
"1"," ""2003-11-01"""
"1","
"
"1"," [321]"
"1"," ""2003-12-01"""
"1"," ""2004-01-01"""
"1"," ""2004-02-01"""
"1"," ""2004-03-01"""
"1"," ""2004-04-01"""
"1","
"
"1"," [326]"
"1"," ""2004-05-01"""
"1"," ""2004-06-01"""
"1"," ""2004-07-01"""
"1"," ""2004-08-01"""
"1"," ""2004-09-01"""
"1","
"
"1"," [331]"
"1"," ""2004-10-01"""
"1"," ""2004-11-01"""
"1"," ""2004-12-01"""
"1"," ""2005-01-01"""
"1"," ""2005-02-01"""
"1","
"
"1"," [336]"
"1"," ""2005-03-01"""
"1"," ""2005-04-01"""
"1"," ""2005-05-01"""
"1"," ""2005-06-01"""
"1"," ""2005-07-01"""
"1","
"
"1"," [341]"
"1"," ""2005-08-01"""
"1"," ""2005-09-01"""
"1"," ""2005-10-01"""
"1"," ""2005-11-01"""
"1"," ""2005-12-01"""
"1","
"
"1"," [346]"
"1"," ""2006-01-01"""
"1"," ""2006-02-01"""
"1"," ""2006-03-01"""
"1"," ""2006-04-01"""
"1"," ""2006-05-01"""
"1","
"
"1"," [351]"
"1"," ""2006-06-01"""
"1"," ""2006-07-01"""
"1"," ""2006-08-01"""
"1"," ""2006-09-01"""
"1"," ""2006-10-01"""
"1","
"
"1"," [356]"
"1"," ""2006-11-01"""
"1"," ""2006-12-01"""
"1"," ""2007-01-01"""
"1"," ""2007-02-01"""
"1"," ""2007-03-01"""
"1","
"
"1"," [361]"
"1"," ""2007-04-01"""
"1"," ""2007-05-01"""
"1"," ""2007-06-01"""
"1"," ""2007-07-01"""
"1"," ""2007-08-01"""
"1","
"
"1"," [366]"
"1"," ""2007-09-01"""
"1"," ""2007-10-01"""
"1"," ""2007-11-01"""
"1"," ""2007-12-01"""
"1"," ""2008-01-01"""
"1","
"
"1"," [371]"
"1"," ""2008-02-01"""
"1"," ""2008-03-01"""
"1"," ""2008-04-01"""
"1"," ""2008-05-01"""
"1"," ""2008-06-01"""
"1","
"
"1"," [376]"
"1"," ""2008-07-01"""
"1"," ""2008-08-01"""
"1"," ""2008-09-01"""
"1"," ""2008-10-01"""
"1"," ""2008-11-01"""
"1","
"
"1"," [381]"
"1"," ""2008-12-01"""
"1"," ""2009-01-01"""
"1"," ""2009-02-01"""
"1"," ""2009-03-01"""
"1"," ""2009-04-01"""
"1","
"
"1"," [386]"
"1"," ""2009-05-01"""
"1"," ""2009-06-01"""
"1"," ""2009-07-01"""
"1"," ""2009-08-01"""
"1"," ""2009-09-01"""
"1","
"
"1"," [391]"
"1"," ""2009-10-01"""
"1"," ""2009-11-01"""
"1"," ""2009-12-01"""
"1"," ""2010-01-01"""
"1"," ""2010-02-01"""
"1","
"
"1"," [396]"
"1"," ""2010-03-01"""
"1"," ""2010-04-01"""
"1"," ""2010-05-01"""
"1"," ""2010-06-01"""
"1"," ""2010-07-01"""
"1","
"
"1"," [401]"
"1"," ""2010-08-01"""
"1"," ""2010-09-01"""
"1"," ""2010-10-01"""
"1"," ""2010-11-01"""
"1"," ""2010-12-01"""
"1","
"
"1"," [406]"
"1"," ""2011-01-01"""
"1"," ""2011-02-01"""
"1"," ""2011-03-01"""
"1"," ""2011-04-01"""
"1"," ""2011-05-01"""
"1","
"
"1"," [411]"
"1"," ""2011-06-01"""
"1"," ""2011-07-01"""
"1"," ""2011-08-01"""
"1"," ""2011-09-01"""
"1"," ""2011-10-01"""
"1","
"
"1"," [416]"
"1"," ""2011-11-01"""
"1"," ""2011-12-01"""
"1"," ""2012-01-01"""
"1"," ""2012-02-01"""
"1"," ""2012-03-01"""
"1","
"
"1"," [421]"
"1"," ""2012-04-01"""
"1"," ""2012-05-01"""
"1"," ""2012-06-01"""
"1"," ""2012-07-01"""
"1"," ""2012-08-01"""
"1","
"
"1"," [426]"
"1"," ""2012-09-01"""
"1"," ""2012-10-01"""
"1"," ""2012-11-01"""
"1"," ""2012-12-01"""
"1"," ""2013-01-01"""
"1","
"
"1"," [431]"
"1"," ""2013-02-01"""
"1"," ""2013-03-01"""
"1"," ""2013-04-01"""
"1"," ""2013-05-01"""
"1"," ""2013-06-01"""
"1","
"
"1"," [436]"
"1"," ""2013-07-01"""
"1"," ""2013-08-01"""
"1"," ""2013-09-01"""
"1"," ""2013-10-01"""
"1"," ""2013-11-01"""
"1","
"
"1"," [441]"
"1"," ""2013-12-01"""
"1"," ""2014-01-01"""
"1"," ""2014-02-01"""
"1"," ""2014-03-01"""
"1"," ""2014-04-01"""
"1","
"
"1"," [446]"
"1"," ""2014-05-01"""
"1"," ""2014-06-01"""
"1"," ""2014-07-01"""
"1"," ""2014-08-01"""
"1"," ""2014-09-01"""
"1","
"
"1"," [451]"
"1"," ""2014-10-01"""
"1"," ""2014-11-01"""
"1"," ""2014-12-01"""
"1"," ""2015-01-01"""
"1"," ""2015-02-01"""
"1","
"
"1"," [456]"
"1"," ""2015-03-01"""
"1"," ""2015-04-01"""
"1"," ""2015-05-01"""
"1"," ""2015-06-01"""
"1"," ""2015-07-01"""
"1","
"
"1"," [461]"
"1"," ""2015-08-01"""
"1"," ""2015-09-01"""
"1"," ""2015-10-01"""
"1"," ""2015-11-01"""
"1"," ""2015-12-01"""
"1","
"
"1"," [466]"
"1"," ""2016-01-01"""
"1"," ""2016-02-01"""
"1"," ""2016-03-01"""
"1"," ""2016-04-01"""
"1"," ""2016-05-01"""
"1","
"
"1"," [471]"
"1"," ""2016-06-01"""
"1"," ""2016-07-01"""
"1"," ""2016-08-01"""
"1"," ""2016-09-01"""
"1"," ""2016-10-01"""
"1","
"
"1"," [476]"
"1"," ""2016-11-01"""
"1"," ""2016-12-01"""
"1"," ""2017-01-01"""
"1"," ""2017-02-01"""
"1"," ""2017-03-01"""
"1","
"
"1"," [481]"
"1"," ""2017-04-01"""
"1"," ""2017-05-01"""
"1"," ""2017-06-01"""
"1"," ""2017-07-01"""
"1"," ""2017-08-01"""
"1","
"
"1"," [486]"
"1"," ""2017-09-01"""
"1"," ""2017-10-01"""
"1"," ""2017-11-01"""
"1"," ""2017-12-01"""
"1"," ""2018-01-01"""
"1","
"
"1"," [491]"
"1"," ""2018-02-01"""
"1"," ""2018-03-01"""
"1"," ""2018-04-01"""
"1"," ""2018-05-01"""
"1"," ""2018-06-01"""
"1","
"
"1"," [496]"
"1"," ""2018-07-01"""
"1"," ""2018-08-01"""
"1"," ""2018-09-01"""
"1"," ""1998-01-01"""
"1"," ""1998-02-01"""
"1","
"
"1"," [501]"
"1"," ""1998-03-01"""
"1"," ""1998-04-01"""
"1"," ""1998-05-01"""
"1"," ""1998-06-01"""
"1"," ""1998-07-01"""
"1","
"
"1"," [506]"
"1"," ""1998-08-01"""
"1"," ""1998-09-01"""
"1"," ""1998-10-01"""
"1"," ""1998-11-01"""
"1"," ""1998-12-01"""
"1","
"
"1"," [511]"
"1"," ""1999-01-01"""
"1"," ""1999-02-01"""
"1"," ""1999-03-01"""
"1"," ""1999-04-01"""
"1"," ""1999-05-01"""
"1","
"
"1"," [516]"
"1"," ""1999-06-01"""
"1"," ""1999-07-01"""
"1"," ""1999-08-01"""
"1"," ""1999-09-01"""
"1"," ""1999-10-01"""
"1","
"
"1"," [521]"
"1"," ""1999-11-01"""
"1"," ""1999-12-01"""
"1"," ""2000-01-01"""
"1"," ""2000-02-01"""
"1"," ""2000-03-01"""
"1","
"
"1"," [526]"
"1"," ""2000-04-01"""
"1"," ""2000-05-01"""
"1"," ""2000-06-01"""
"1"," ""2000-07-01"""
"1"," ""2000-08-01"""
"1","
"
"1"," [531]"
"1"," ""2000-09-01"""
"1"," ""2000-10-01"""
"1"," ""2000-11-01"""
"1"," ""2000-12-01"""
"1"," ""2001-01-01"""
"1","
"
"1"," [536]"
"1"," ""2001-02-01"""
"1"," ""2001-03-01"""
"1"," ""2001-04-01"""
"1"," ""2001-05-01"""
"1"," ""2001-06-01"""
"1","
"
"1"," [541]"
"1"," ""2001-07-01"""
"1"," ""2001-08-01"""
"1"," ""2001-09-01"""
"1"," ""2001-10-01"""
"1"," ""2001-11-01"""
"1","
"
"1"," [546]"
"1"," ""2001-12-01"""
"1"," ""2002-01-01"""
"1"," ""2002-02-01"""
"1"," ""2002-03-01"""
"1"," ""2002-04-01"""
"1","
"
"1"," [551]"
"1"," ""2002-05-01"""
"1"," ""2002-06-01"""
"1"," ""2002-07-01"""
"1"," ""2002-08-01"""
"1"," ""2002-09-01"""
"1","
"
"1"," [556]"
"1"," ""2002-10-01"""
"1"," ""2002-11-01"""
"1"," ""2002-12-01"""
"1"," ""2003-01-01"""
"1"," ""2003-02-01"""
"1","
"
"1"," [561]"
"1"," ""2003-03-01"""
"1"," ""2003-04-01"""
"1"," ""2003-05-01"""
"1"," ""2003-06-01"""
"1"," ""2003-07-01"""
"1","
"
"1"," [566]"
"1"," ""2003-08-01"""
"1"," ""2003-09-01"""
"1"," ""2003-10-01"""
"1"," ""2003-11-01"""
"1"," ""2003-12-01"""
"1","
"
"1"," [571]"
"1"," ""2004-01-01"""
"1"," ""2004-02-01"""
"1"," ""2004-03-01"""
"1"," ""2004-04-01"""
"1"," ""2004-05-01"""
"1","
"
"1"," [576]"
"1"," ""2004-06-01"""
"1"," ""2004-07-01"""
"1"," ""2004-08-01"""
"1"," ""2004-09-01"""
"1"," ""2004-10-01"""
"1","
"
"1"," [581]"
"1"," ""2004-11-01"""
"1"," ""2004-12-01"""
"1"," ""2005-01-01"""
"1"," ""2005-02-01"""
"1"," ""2005-03-01"""
"1","
"
"1"," [586]"
"1"," ""2005-04-01"""
"1"," ""2005-05-01"""
"1"," ""2005-06-01"""
"1"," ""2005-07-01"""
"1"," ""2005-08-01"""
"1","
"
"1"," [591]"
"1"," ""2005-09-01"""
"1"," ""2005-10-01"""
"1"," ""2005-11-01"""
"1"," ""2005-12-01"""
"1"," ""2006-01-01"""
"1","
"
"1"," [596]"
"1"," ""2006-02-01"""
"1"," ""2006-03-01"""
"1"," ""2006-04-01"""
"1"," ""2006-05-01"""
"1"," ""2006-06-01"""
"1","
"
"1"," [601]"
"1"," ""2006-07-01"""
"1"," ""2006-08-01"""
"1"," ""2006-09-01"""
"1"," ""2006-10-01"""
"1"," ""2006-11-01"""
"1","
"
"1"," [606]"
"1"," ""2006-12-01"""
"1"," ""2007-01-01"""
"1"," ""2007-02-01"""
"1"," ""2007-03-01"""
"1"," ""2007-04-01"""
"1","
"
"1"," [611]"
"1"," ""2007-05-01"""
"1"," ""2007-06-01"""
"1"," ""2007-07-01"""
"1"," ""2007-08-01"""
"1"," ""2007-09-01"""
"1","
"
"1"," [616]"
"1"," ""2007-10-01"""
"1"," ""2007-11-01"""
"1"," ""2007-12-01"""
"1"," ""2008-01-01"""
"1"," ""2008-02-01"""
"1","
"
"1"," [621]"
"1"," ""2008-03-01"""
"1"," ""2008-04-01"""
"1"," ""2008-05-01"""
"1"," ""2008-06-01"""
"1"," ""2008-07-01"""
"1","
"
"1"," [626]"
"1"," ""2008-08-01"""
"1"," ""2008-09-01"""
"1"," ""2008-10-01"""
"1"," ""2008-11-01"""
"1"," ""2008-12-01"""
"1","
"
"1"," [631]"
"1"," ""2009-01-01"""
"1"," ""2009-02-01"""
"1"," ""2009-03-01"""
"1"," ""2009-04-01"""
"1"," ""2009-05-01"""
"1","
"
"1"," [636]"
"1"," ""2009-06-01"""
"1"," ""2009-07-01"""
"1"," ""2009-08-01"""
"1"," ""2009-09-01"""
"1"," ""2009-10-01"""
"1","
"
"1"," [641]"
"1"," ""2009-11-01"""
"1"," ""2009-12-01"""
"1"," ""2010-01-01"""
"1"," ""2010-02-01"""
"1"," ""2010-03-01"""
"1","
"
"1"," [646]"
"1"," ""2010-04-01"""
"1"," ""2010-05-01"""
"1"," ""2010-06-01"""
"1"," ""2010-07-01"""
"1"," ""2010-08-01"""
"1","
"
"1"," [651]"
"1"," ""2010-09-01"""
"1"," ""2010-10-01"""
"1"," ""2010-11-01"""
"1"," ""2010-12-01"""
"1"," ""2011-01-01"""
"1","
"
"1"," [656]"
"1"," ""2011-02-01"""
"1"," ""2011-03-01"""
"1"," ""2011-04-01"""
"1"," ""2011-05-01"""
"1"," ""2011-06-01"""
"1","
"
"1"," [661]"
"1"," ""2011-07-01"""
"1"," ""2011-08-01"""
"1"," ""2011-09-01"""
"1"," ""2011-10-01"""
"1"," ""2011-11-01"""
"1","
"
"1"," [666]"
"1"," ""2011-12-01"""
"1"," ""2012-01-01"""
"1"," ""2012-02-01"""
"1"," ""2012-03-01"""
"1"," ""2012-04-01"""
"1","
"
"1"," [671]"
"1"," ""2012-05-01"""
"1"," ""2012-06-01"""
"1"," ""2012-07-01"""
"1"," ""2012-08-01"""
"1"," ""2012-09-01"""
"1","
"
"1"," [676]"
"1"," ""2012-10-01"""
"1"," ""2012-11-01"""
"1"," ""2012-12-01"""
"1"," ""2013-01-01"""
"1"," ""2013-02-01"""
"1","
"
"1"," [681]"
"1"," ""2013-03-01"""
"1"," ""2013-04-01"""
"1"," ""2013-05-01"""
"1"," ""2013-06-01"""
"1"," ""2013-07-01"""
"1","
"
"1"," [686]"
"1"," ""2013-08-01"""
"1"," ""2013-09-01"""
"1"," ""2013-10-01"""
"1"," ""2013-11-01"""
"1"," ""2013-12-01"""
"1","
"
"1"," [691]"
"1"," ""2014-01-01"""
"1"," ""2014-02-01"""
"1"," ""2014-03-01"""
"1"," ""2014-04-01"""
"1"," ""2014-05-01"""
"1","
"
"1"," [696]"
"1"," ""2014-06-01"""
"1"," ""2014-07-01"""
"1"," ""2014-08-01"""
"1"," ""2014-09-01"""
"1"," ""2014-10-01"""
"1","
"
"1"," [701]"
"1"," ""2014-11-01"""
"1"," ""2014-12-01"""
"1"," ""2015-01-01"""
"1"," ""2015-02-01"""
"1"," ""2015-03-01"""
"1","
"
"1"," [706]"
"1"," ""2015-04-01"""
"1"," ""2015-05-01"""
"1"," ""2015-06-01"""
"1"," ""2015-07-01"""
"1"," ""2015-08-01"""
"1","
"
"1"," [711]"
"1"," ""2015-09-01"""
"1"," ""2015-10-01"""
"1"," ""2015-11-01"""
"1"," ""2015-12-01"""
"1"," ""2016-01-01"""
"1","
"
"1"," [716]"
"1"," ""2016-02-01"""
"1"," ""2016-03-01"""
"1"," ""2016-04-01"""
"1"," ""2016-05-01"""
"1"," ""2016-06-01"""
"1","
"
"1"," [721]"
"1"," ""2016-07-01"""
"1"," ""2016-08-01"""
"1"," ""2016-09-01"""
"1"," ""2016-10-01"""
"1"," ""2016-11-01"""
"1","
"
"1"," [726]"
"1"," ""2016-12-01"""
"1"," ""2017-01-01"""
"1"," ""2017-02-01"""
"1"," ""2017-03-01"""
"1"," ""2017-04-01"""
"1","
"
"1"," [731]"
"1"," ""2017-05-01"""
"1"," ""2017-06-01"""
"1"," ""2017-07-01"""
"1"," ""2017-08-01"""
"1"," ""2017-09-01"""
"1","
"
"1"," [736]"
"1"," ""2017-10-01"""
"1"," ""2017-11-01"""
"1"," ""2017-12-01"""
"1"," ""2018-01-01"""
"1"," ""2018-02-01"""
"1","
"
"1"," [741]"
"1"," ""2018-03-01"""
"1"," ""2018-04-01"""
"1"," ""2018-05-01"""
"1"," ""2018-06-01"""
"1"," ""2018-07-01"""
"1","
"
"1"," [746]"
"1"," ""2018-08-01"""
"1"," ""2018-09-01"""
"1"," ""1998-01-01"""
"1"," ""1998-02-01"""
"1"," ""1998-03-01"""
"1","
"
"1"," [751]"
"1"," ""1998-04-01"""
"1"," ""1998-05-01"""
"1"," ""1998-06-01"""
"1"," ""1998-07-01"""
"1"," ""1998-08-01"""
"1","
"
"1"," [756]"
"1"," ""1998-09-01"""
"1"," ""1998-10-01"""
"1"," ""1998-11-01"""
"1"," ""1998-12-01"""
"1"," ""1999-01-01"""
"1","
"
"1"," [761]"
"1"," ""1999-02-01"""
"1"," ""1999-03-01"""
"1"," ""1999-04-01"""
"1"," ""1999-05-01"""
"1"," ""1999-06-01"""
"1","
"
"1"," [766]"
"1"," ""1999-07-01"""
"1"," ""1999-08-01"""
"1"," ""1999-09-01"""
"1"," ""1999-10-01"""
"1"," ""1999-11-01"""
"1","
"
"1"," [771]"
"1"," ""1999-12-01"""
"1"," ""2000-01-01"""
"1"," ""2000-02-01"""
"1"," ""2000-03-01"""
"1"," ""2000-04-01"""
"1","
"
"1"," [776]"
"1"," ""2000-05-01"""
"1"," ""2000-06-01"""
"1"," ""2000-07-01"""
"1"," ""2000-08-01"""
"1"," ""2000-09-01"""
"1","
"
"1"," [781]"
"1"," ""2000-10-01"""
"1"," ""2000-11-01"""
"1"," ""2000-12-01"""
"1"," ""2001-01-01"""
"1"," ""2001-02-01"""
"1","
"
"1"," [786]"
"1"," ""2001-03-01"""
"1"," ""2001-04-01"""
"1"," ""2001-05-01"""
"1"," ""2001-06-01"""
"1"," ""2001-07-01"""
"1","
"
"1"," [791]"
"1"," ""2001-08-01"""
"1"," ""2001-09-01"""
"1"," ""2001-10-01"""
"1"," ""2001-11-01"""
"1"," ""2001-12-01"""
"1","
"
"1"," [796]"
"1"," ""2002-01-01"""
"1"," ""2002-02-01"""
"1"," ""2002-03-01"""
"1"," ""2002-04-01"""
"1"," ""2002-05-01"""
"1","
"
"1"," [801]"
"1"," ""2002-06-01"""
"1"," ""2002-07-01"""
"1"," ""2002-08-01"""
"1"," ""2002-09-01"""
"1"," ""2002-10-01"""
"1","
"
"1"," [806]"
"1"," ""2002-11-01"""
"1"," ""2002-12-01"""
"1"," ""2003-01-01"""
"1"," ""2003-02-01"""
"1"," ""2003-03-01"""
"1","
"
"1"," [811]"
"1"," ""2003-04-01"""
"1"," ""2003-05-01"""
"1"," ""2003-06-01"""
"1"," ""2003-07-01"""
"1"," ""2003-08-01"""
"1","
"
"1"," [816]"
"1"," ""2003-09-01"""
"1"," ""2003-10-01"""
"1"," ""2003-11-01"""
"1"," ""2003-12-01"""
"1"," ""2004-01-01"""
"1","
"
"1"," [821]"
"1"," ""2004-02-01"""
"1"," ""2004-03-01"""
"1"," ""2004-04-01"""
"1"," ""2004-05-01"""
"1"," ""2004-06-01"""
"1","
"
"1"," [826]"
"1"," ""2004-07-01"""
"1"," ""2004-08-01"""
"1"," ""2004-09-01"""
"1"," ""2004-10-01"""
"1"," ""2004-11-01"""
"1","
"
"1"," [831]"
"1"," ""2004-12-01"""
"1"," ""2005-01-01"""
"1"," ""2005-02-01"""
"1"," ""2005-03-01"""
"1"," ""2005-04-01"""
"1","
"
"1"," [836]"
"1"," ""2005-05-01"""
"1"," ""2005-06-01"""
"1"," ""2005-07-01"""
"1"," ""2005-08-01"""
"1"," ""2005-09-01"""
"1","
"
"1"," [841]"
"1"," ""2005-10-01"""
"1"," ""2005-11-01"""
"1"," ""2005-12-01"""
"1"," ""2006-01-01"""
"1"," ""2006-02-01"""
"1","
"
"1"," [846]"
"1"," ""2006-03-01"""
"1"," ""2006-04-01"""
"1"," ""2006-05-01"""
"1"," ""2006-06-01"""
"1"," ""2006-07-01"""
"1","
"
"1"," [851]"
"1"," ""2006-08-01"""
"1"," ""2006-09-01"""
"1"," ""2006-10-01"""
"1"," ""2006-11-01"""
"1"," ""2006-12-01"""
"1","
"
"1"," [856]"
"1"," ""2007-01-01"""
"1"," ""2007-02-01"""
"1"," ""2007-03-01"""
"1"," ""2007-04-01"""
"1"," ""2007-05-01"""
"1","
"
"1"," [861]"
"1"," ""2007-06-01"""
"1"," ""2007-07-01"""
"1"," ""2007-08-01"""
"1"," ""2007-09-01"""
"1"," ""2007-10-01"""
"1","
"
"1"," [866]"
"1"," ""2007-11-01"""
"1"," ""2007-12-01"""
"1"," ""2008-01-01"""
"1"," ""2008-02-01"""
"1"," ""2008-03-01"""
"1","
"
"1"," [871]"
"1"," ""2008-04-01"""
"1"," ""2008-05-01"""
"1"," ""2008-06-01"""
"1"," ""2008-07-01"""
"1"," ""2008-08-01"""
"1","
"
"1"," [876]"
"1"," ""2008-09-01"""
"1"," ""2008-10-01"""
"1"," ""2008-11-01"""
"1"," ""2008-12-01"""
"1"," ""2009-01-01"""
"1","
"
"1"," [881]"
"1"," ""2009-02-01"""
"1"," ""2009-03-01"""
"1"," ""2009-04-01"""
"1"," ""2009-05-01"""
"1"," ""2009-06-01"""
"1","
"
"1"," [886]"
"1"," ""2009-07-01"""
"1"," ""2009-08-01"""
"1"," ""2009-09-01"""
"1"," ""2009-10-01"""
"1"," ""2009-11-01"""
"1","
"
"1"," [891]"
"1"," ""2009-12-01"""
"1"," ""2010-01-01"""
"1"," ""2010-02-01"""
"1"," ""2010-03-01"""
"1"," ""2010-04-01"""
"1","
"
"1"," [896]"
"1"," ""2010-05-01"""
"1"," ""2010-06-01"""
"1"," ""2010-07-01"""
"1"," ""2010-08-01"""
"1"," ""2010-09-01"""
"1","
"
"1"," [901]"
"1"," ""2010-10-01"""
"1"," ""2010-11-01"""
"1"," ""2010-12-01"""
"1"," ""2011-01-01"""
"1"," ""2011-02-01"""
"1","
"
"1"," [906]"
"1"," ""2011-03-01"""
"1"," ""2011-04-01"""
"1"," ""2011-05-01"""
"1"," ""2011-06-01"""
"1"," ""2011-07-01"""
"1","
"
"1"," [911]"
"1"," ""2011-08-01"""
"1"," ""2011-09-01"""
"1"," ""2011-10-01"""
"1"," ""2011-11-01"""
"1"," ""2011-12-01"""
"1","
"
"1"," [916]"
"1"," ""2012-01-01"""
"1"," ""2012-02-01"""
"1"," ""2012-03-01"""
"1"," ""2012-04-01"""
"1"," ""2012-05-01"""
"1","
"
"1"," [921]"
"1"," ""2012-06-01"""
"1"," ""2012-07-01"""
"1"," ""2012-08-01"""
"1"," ""2012-09-01"""
"1"," ""2012-10-01"""
"1","
"
"1"," [926]"
"1"," ""2012-11-01"""
"1"," ""2012-12-01"""
"1"," ""2013-01-01"""
"1"," ""2013-02-01"""
"1"," ""2013-03-01"""
"1","
"
"1"," [931]"
"1"," ""2013-04-01"""
"1"," ""2013-05-01"""
"1"," ""2013-06-01"""
"1"," ""2013-07-01"""
"1"," ""2013-08-01"""
"1","
"
"1"," [936]"
"1"," ""2013-09-01"""
"1"," ""2013-10-01"""
"1"," ""2013-11-01"""
"1"," ""2013-12-01"""
"1"," ""2014-01-01"""
"1","
"
"1"," [941]"
"1"," ""2014-02-01"""
"1"," ""2014-03-01"""
"1"," ""2014-04-01"""
"1"," ""2014-05-01"""
"1"," ""2014-06-01"""
"1","
"
"1"," [946]"
"1"," ""2014-07-01"""
"1"," ""2014-08-01"""
"1"," ""2014-09-01"""
"1"," ""2014-10-01"""
"1"," ""2014-11-01"""
"1","
"
"1"," [951]"
"1"," ""2014-12-01"""
"1"," ""2015-01-01"""
"1"," ""2015-02-01"""
"1"," ""2015-03-01"""
"1"," ""2015-04-01"""
"1","
"
"1"," [956]"
"1"," ""2015-05-01"""
"1"," ""2015-06-01"""
"1"," ""2015-07-01"""
"1"," ""2015-08-01"""
"1"," ""2015-09-01"""
"1","
"
"1"," [961]"
"1"," ""2015-10-01"""
"1"," ""2015-11-01"""
"1"," ""2015-12-01"""
"1"," ""2016-01-01"""
"1"," ""2016-02-01"""
"1","
"
"1"," [966]"
"1"," ""2016-03-01"""
"1"," ""2016-04-01"""
"1"," ""2016-05-01"""
"1"," ""2016-06-01"""
"1"," ""2016-07-01"""
"1","
"
"1"," [971]"
"1"," ""2016-08-01"""
"1"," ""2016-09-01"""
"1"," ""2016-10-01"""
"1"," ""2016-11-01"""
"1"," ""2016-12-01"""
"1","
"
"1"," [976]"
"1"," ""2017-01-01"""
"1"," ""2017-02-01"""
"1"," ""2017-03-01"""
"1"," ""2017-04-01"""
"1"," ""2017-05-01"""
"1","
"
"1"," [981]"
"1"," ""2017-06-01"""
"1"," ""2017-07-01"""
"1"," ""2017-08-01"""
"1"," ""2017-09-01"""
"1"," ""2017-10-01"""
"1","
"
"1"," [986]"
"1"," ""2017-11-01"""
"1"," ""2017-12-01"""
"1"," ""2018-01-01"""
"1"," ""2018-02-01"""
"1"," ""2018-03-01"""
"1","
"
"1"," [991]"
"1"," ""2018-04-01"""
"1"," ""2018-05-01"""
"1"," ""2018-06-01"""
"1"," ""2018-07-01"""
"1"," ""2018-08-01"""
"1","
"
"1"," [996]"
"1"," ""2018-09-01"""
"1"," ""1998-01-01"""
"1"," ""1998-02-01"""
"1"," ""1998-03-01"""
"1"," ""1998-04-01"""
"1","
"
"1"," [ reached 'max' / getOption(""max.print"") -- omitted"
"1"," "
"1","245"
"1"," "
"1","entries ]
"
"1","
"
"1","$幣別
"
"1","   [1]"
"1"," ""歐元USD/EUR""  "
"1"," ""歐元USD/EUR""  "
"1"," ""歐元USD/EUR""  "
"1"," ""歐元USD/EUR""  "
"1","
"
"1","   [5]"
"1"," ""歐元USD/EUR""  "
"1"," ""歐元USD/EUR""  "
"1"," ""歐元USD/EUR""  "
"1"," ""歐元USD/EUR""  "
"1","
"
"1","   [9]"
"1"," ""歐元USD/EUR""  "
"1"," ""歐元USD/EUR""  "
"1"," ""歐元USD/EUR""  "
"1"," ""歐元USD/EUR""  "
"1","
"
"1","  [13]"
"1"," ""歐元USD/EUR""  "
"1"," ""歐元USD/EUR""  "
"1"," ""歐元USD/EUR""  "
"1"," ""歐元USD/EUR""  "
"1","
"
"1","  [17]"
"1"," ""歐元USD/EUR""  "
"1"," ""歐元USD/EUR""  "
"1"," ""歐元USD/EUR""  "
"1"," ""歐元USD/EUR""  "
"1","
"
"1","  [21]"
"1"," ""歐元USD/EUR""  "
"1"," ""歐元USD/EUR""  "
"1"," ""歐元USD/EUR""  "
"1"," ""歐元USD/EUR""  "
"1","
"
"1","  [25]"
"1"," ""歐元USD/EUR""  "
"1"," ""歐元USD/EUR""  "
"1"," ""歐元USD/EUR""  "
"1"," ""歐元USD/EUR""  "
"1","
"
"1","  [29]"
"1"," ""歐元USD/EUR""  "
"1"," ""歐元USD/EUR""  "
"1"," ""歐元USD/EUR""  "
"1"," ""歐元USD/EUR""  "
"1","
"
"1","  [33]"
"1"," ""歐元USD/EUR""  "
"1"," ""歐元USD/EUR""  "
"1"," ""歐元USD/EUR""  "
"1"," ""歐元USD/EUR""  "
"1","
"
"1","  [37]"
"1"," ""歐元USD/EUR""  "
"1"," ""歐元USD/EUR""  "
"1"," ""歐元USD/EUR""  "
"1"," ""歐元USD/EUR""  "
"1","
"
"1","  [41]"
"1"," ""歐元USD/EUR""  "
"1"," ""歐元USD/EUR""  "
"1"," ""歐元USD/EUR""  "
"1"," ""歐元USD/EUR""  "
"1","
"
"1","  [45]"
"1"," ""歐元USD/EUR""  "
"1"," ""歐元USD/EUR""  "
"1"," ""歐元USD/EUR""  "
"1"," ""歐元USD/EUR""  "
"1","
"
"1","  [49]"
"1"," ""歐元USD/EUR""  "
"1"," ""歐元USD/EUR""  "
"1"," ""歐元USD/EUR""  "
"1"," ""歐元USD/EUR""  "
"1","
"
"1","  [53]"
"1"," ""歐元USD/EUR""  "
"1"," ""歐元USD/EUR""  "
"1"," ""歐元USD/EUR""  "
"1"," ""歐元USD/EUR""  "
"1","
"
"1","  [57]"
"1"," ""歐元USD/EUR""  "
"1"," ""歐元USD/EUR""  "
"1"," ""歐元USD/EUR""  "
"1"," ""歐元USD/EUR""  "
"1","
"
"1","  [61]"
"1"," ""歐元USD/EUR""  "
"1"," ""歐元USD/EUR""  "
"1"," ""歐元USD/EUR""  "
"1"," ""歐元USD/EUR""  "
"1","
"
"1","  [65]"
"1"," ""歐元USD/EUR""  "
"1"," ""歐元USD/EUR""  "
"1"," ""歐元USD/EUR""  "
"1"," ""歐元USD/EUR""  "
"1","
"
"1","  [69]"
"1"," ""歐元USD/EUR""  "
"1"," ""歐元USD/EUR""  "
"1"," ""歐元USD/EUR""  "
"1"," ""歐元USD/EUR""  "
"1","
"
"1","  [73]"
"1"," ""歐元USD/EUR""  "
"1"," ""歐元USD/EUR""  "
"1"," ""歐元USD/EUR""  "
"1"," ""歐元USD/EUR""  "
"1","
"
"1","  [77]"
"1"," ""歐元USD/EUR""  "
"1"," ""歐元USD/EUR""  "
"1"," ""歐元USD/EUR""  "
"1"," ""歐元USD/EUR""  "
"1","
"
"1","  [81]"
"1"," ""歐元USD/EUR""  "
"1"," ""歐元USD/EUR""  "
"1"," ""歐元USD/EUR""  "
"1"," ""歐元USD/EUR""  "
"1","
"
"1","  [85]"
"1"," ""歐元USD/EUR""  "
"1"," ""歐元USD/EUR""  "
"1"," ""歐元USD/EUR""  "
"1"," ""歐元USD/EUR""  "
"1","
"
"1","  [89]"
"1"," ""歐元USD/EUR""  "
"1"," ""歐元USD/EUR""  "
"1"," ""歐元USD/EUR""  "
"1"," ""歐元USD/EUR""  "
"1","
"
"1","  [93]"
"1"," ""歐元USD/EUR""  "
"1"," ""歐元USD/EUR""  "
"1"," ""歐元USD/EUR""  "
"1"," ""歐元USD/EUR""  "
"1","
"
"1","  [97]"
"1"," ""歐元USD/EUR""  "
"1"," ""歐元USD/EUR""  "
"1"," ""歐元USD/EUR""  "
"1"," ""歐元USD/EUR""  "
"1","
"
"1"," [101]"
"1"," ""歐元USD/EUR""  "
"1"," ""歐元USD/EUR""  "
"1"," ""歐元USD/EUR""  "
"1"," ""歐元USD/EUR""  "
"1","
"
"1"," [105]"
"1"," ""歐元USD/EUR""  "
"1"," ""歐元USD/EUR""  "
"1"," ""歐元USD/EUR""  "
"1"," ""歐元USD/EUR""  "
"1","
"
"1"," [109]"
"1"," ""歐元USD/EUR""  "
"1"," ""歐元USD/EUR""  "
"1"," ""歐元USD/EUR""  "
"1"," ""歐元USD/EUR""  "
"1","
"
"1"," [113]"
"1"," ""歐元USD/EUR""  "
"1"," ""歐元USD/EUR""  "
"1"," ""歐元USD/EUR""  "
"1"," ""歐元USD/EUR""  "
"1","
"
"1"," [117]"
"1"," ""歐元USD/EUR""  "
"1"," ""歐元USD/EUR""  "
"1"," ""歐元USD/EUR""  "
"1"," ""歐元USD/EUR""  "
"1","
"
"1"," [121]"
"1"," ""歐元USD/EUR""  "
"1"," ""歐元USD/EUR""  "
"1"," ""歐元USD/EUR""  "
"1"," ""歐元USD/EUR""  "
"1","
"
"1"," [125]"
"1"," ""歐元USD/EUR""  "
"1"," ""歐元USD/EUR""  "
"1"," ""歐元USD/EUR""  "
"1"," ""歐元USD/EUR""  "
"1","
"
"1"," [129]"
"1"," ""歐元USD/EUR""  "
"1"," ""歐元USD/EUR""  "
"1"," ""歐元USD/EUR""  "
"1"," ""歐元USD/EUR""  "
"1","
"
"1"," [133]"
"1"," ""歐元USD/EUR""  "
"1"," ""歐元USD/EUR""  "
"1"," ""歐元USD/EUR""  "
"1"," ""歐元USD/EUR""  "
"1","
"
"1"," [137]"
"1"," ""歐元USD/EUR""  "
"1"," ""歐元USD/EUR""  "
"1"," ""歐元USD/EUR""  "
"1"," ""歐元USD/EUR""  "
"1","
"
"1"," [141]"
"1"," ""歐元USD/EUR""  "
"1"," ""歐元USD/EUR""  "
"1"," ""歐元USD/EUR""  "
"1"," ""歐元USD/EUR""  "
"1","
"
"1"," [145]"
"1"," ""歐元USD/EUR""  "
"1"," ""歐元USD/EUR""  "
"1"," ""歐元USD/EUR""  "
"1"," ""歐元USD/EUR""  "
"1","
"
"1"," [149]"
"1"," ""歐元USD/EUR""  "
"1"," ""歐元USD/EUR""  "
"1"," ""歐元USD/EUR""  "
"1"," ""歐元USD/EUR""  "
"1","
"
"1"," [153]"
"1"," ""歐元USD/EUR""  "
"1"," ""歐元USD/EUR""  "
"1"," ""歐元USD/EUR""  "
"1"," ""歐元USD/EUR""  "
"1","
"
"1"," [157]"
"1"," ""歐元USD/EUR""  "
"1"," ""歐元USD/EUR""  "
"1"," ""歐元USD/EUR""  "
"1"," ""歐元USD/EUR""  "
"1","
"
"1"," [161]"
"1"," ""歐元USD/EUR""  "
"1"," ""歐元USD/EUR""  "
"1"," ""歐元USD/EUR""  "
"1"," ""歐元USD/EUR""  "
"1","
"
"1"," [165]"
"1"," ""歐元USD/EUR""  "
"1"," ""歐元USD/EUR""  "
"1"," ""歐元USD/EUR""  "
"1"," ""歐元USD/EUR""  "
"1","
"
"1"," [169]"
"1"," ""歐元USD/EUR""  "
"1"," ""歐元USD/EUR""  "
"1"," ""歐元USD/EUR""  "
"1"," ""歐元USD/EUR""  "
"1","
"
"1"," [173]"
"1"," ""歐元USD/EUR""  "
"1"," ""歐元USD/EUR""  "
"1"," ""歐元USD/EUR""  "
"1"," ""歐元USD/EUR""  "
"1","
"
"1"," [177]"
"1"," ""歐元USD/EUR""  "
"1"," ""歐元USD/EUR""  "
"1"," ""歐元USD/EUR""  "
"1"," ""歐元USD/EUR""  "
"1","
"
"1"," [181]"
"1"," ""歐元USD/EUR""  "
"1"," ""歐元USD/EUR""  "
"1"," ""歐元USD/EUR""  "
"1"," ""歐元USD/EUR""  "
"1","
"
"1"," [185]"
"1"," ""歐元USD/EUR""  "
"1"," ""歐元USD/EUR""  "
"1"," ""歐元USD/EUR""  "
"1"," ""歐元USD/EUR""  "
"1","
"
"1"," [189]"
"1"," ""歐元USD/EUR""  "
"1"," ""歐元USD/EUR""  "
"1"," ""歐元USD/EUR""  "
"1"," ""歐元USD/EUR""  "
"1","
"
"1"," [193]"
"1"," ""歐元USD/EUR""  "
"1"," ""歐元USD/EUR""  "
"1"," ""歐元USD/EUR""  "
"1"," ""歐元USD/EUR""  "
"1","
"
"1"," [197]"
"1"," ""歐元USD/EUR""  "
"1"," ""歐元USD/EUR""  "
"1"," ""歐元USD/EUR""  "
"1"," ""歐元USD/EUR""  "
"1","
"
"1"," [201]"
"1"," ""歐元USD/EUR""  "
"1"," ""歐元USD/EUR""  "
"1"," ""歐元USD/EUR""  "
"1"," ""歐元USD/EUR""  "
"1","
"
"1"," [205]"
"1"," ""歐元USD/EUR""  "
"1"," ""歐元USD/EUR""  "
"1"," ""歐元USD/EUR""  "
"1"," ""歐元USD/EUR""  "
"1","
"
"1"," [209]"
"1"," ""歐元USD/EUR""  "
"1"," ""歐元USD/EUR""  "
"1"," ""歐元USD/EUR""  "
"1"," ""歐元USD/EUR""  "
"1","
"
"1"," [213]"
"1"," ""歐元USD/EUR""  "
"1"," ""歐元USD/EUR""  "
"1"," ""歐元USD/EUR""  "
"1"," ""歐元USD/EUR""  "
"1","
"
"1"," [217]"
"1"," ""歐元USD/EUR""  "
"1"," ""歐元USD/EUR""  "
"1"," ""歐元USD/EUR""  "
"1"," ""歐元USD/EUR""  "
"1","
"
"1"," [221]"
"1"," ""歐元USD/EUR""  "
"1"," ""歐元USD/EUR""  "
"1"," ""歐元USD/EUR""  "
"1"," ""歐元USD/EUR""  "
"1","
"
"1"," [225]"
"1"," ""歐元USD/EUR""  "
"1"," ""歐元USD/EUR""  "
"1"," ""歐元USD/EUR""  "
"1"," ""歐元USD/EUR""  "
"1","
"
"1"," [229]"
"1"," ""歐元USD/EUR""  "
"1"," ""歐元USD/EUR""  "
"1"," ""歐元USD/EUR""  "
"1"," ""歐元USD/EUR""  "
"1","
"
"1"," [233]"
"1"," ""歐元USD/EUR""  "
"1"," ""歐元USD/EUR""  "
"1"," ""歐元USD/EUR""  "
"1"," ""歐元USD/EUR""  "
"1","
"
"1"," [237]"
"1"," ""歐元USD/EUR""  "
"1"," ""歐元USD/EUR""  "
"1"," ""歐元USD/EUR""  "
"1"," ""歐元USD/EUR""  "
"1","
"
"1"," [241]"
"1"," ""歐元USD/EUR""  "
"1"," ""歐元USD/EUR""  "
"1"," ""歐元USD/EUR""  "
"1"," ""歐元USD/EUR""  "
"1","
"
"1"," [245]"
"1"," ""歐元USD/EUR""  "
"1"," ""歐元USD/EUR""  "
"1"," ""歐元USD/EUR""  "
"1"," ""歐元USD/EUR""  "
"1","
"
"1"," [249]"
"1"," ""歐元USD/EUR""  "
"1"," ""韓元KRW/USD""  "
"1"," ""韓元KRW/USD""  "
"1"," ""韓元KRW/USD""  "
"1","
"
"1"," [253]"
"1"," ""韓元KRW/USD""  "
"1"," ""韓元KRW/USD""  "
"1"," ""韓元KRW/USD""  "
"1"," ""韓元KRW/USD""  "
"1","
"
"1"," [257]"
"1"," ""韓元KRW/USD""  "
"1"," ""韓元KRW/USD""  "
"1"," ""韓元KRW/USD""  "
"1"," ""韓元KRW/USD""  "
"1","
"
"1"," [261]"
"1"," ""韓元KRW/USD""  "
"1"," ""韓元KRW/USD""  "
"1"," ""韓元KRW/USD""  "
"1"," ""韓元KRW/USD""  "
"1","
"
"1"," [265]"
"1"," ""韓元KRW/USD""  "
"1"," ""韓元KRW/USD""  "
"1"," ""韓元KRW/USD""  "
"1"," ""韓元KRW/USD""  "
"1","
"
"1"," [269]"
"1"," ""韓元KRW/USD""  "
"1"," ""韓元KRW/USD""  "
"1"," ""韓元KRW/USD""  "
"1"," ""韓元KRW/USD""  "
"1","
"
"1"," [273]"
"1"," ""韓元KRW/USD""  "
"1"," ""韓元KRW/USD""  "
"1"," ""韓元KRW/USD""  "
"1"," ""韓元KRW/USD""  "
"1","
"
"1"," [277]"
"1"," ""韓元KRW/USD""  "
"1"," ""韓元KRW/USD""  "
"1"," ""韓元KRW/USD""  "
"1"," ""韓元KRW/USD""  "
"1","
"
"1"," [281]"
"1"," ""韓元KRW/USD""  "
"1"," ""韓元KRW/USD""  "
"1"," ""韓元KRW/USD""  "
"1"," ""韓元KRW/USD""  "
"1","
"
"1"," [285]"
"1"," ""韓元KRW/USD""  "
"1"," ""韓元KRW/USD""  "
"1"," ""韓元KRW/USD""  "
"1"," ""韓元KRW/USD""  "
"1","
"
"1"," [289]"
"1"," ""韓元KRW/USD""  "
"1"," ""韓元KRW/USD""  "
"1"," ""韓元KRW/USD""  "
"1"," ""韓元KRW/USD""  "
"1","
"
"1"," [293]"
"1"," ""韓元KRW/USD""  "
"1"," ""韓元KRW/USD""  "
"1"," ""韓元KRW/USD""  "
"1"," ""韓元KRW/USD""  "
"1","
"
"1"," [297]"
"1"," ""韓元KRW/USD""  "
"1"," ""韓元KRW/USD""  "
"1"," ""韓元KRW/USD""  "
"1"," ""韓元KRW/USD""  "
"1","
"
"1"," [301]"
"1"," ""韓元KRW/USD""  "
"1"," ""韓元KRW/USD""  "
"1"," ""韓元KRW/USD""  "
"1"," ""韓元KRW/USD""  "
"1","
"
"1"," [305]"
"1"," ""韓元KRW/USD""  "
"1"," ""韓元KRW/USD""  "
"1"," ""韓元KRW/USD""  "
"1"," ""韓元KRW/USD""  "
"1","
"
"1"," [309]"
"1"," ""韓元KRW/USD""  "
"1"," ""韓元KRW/USD""  "
"1"," ""韓元KRW/USD""  "
"1"," ""韓元KRW/USD""  "
"1","
"
"1"," [313]"
"1"," ""韓元KRW/USD""  "
"1"," ""韓元KRW/USD""  "
"1"," ""韓元KRW/USD""  "
"1"," ""韓元KRW/USD""  "
"1","
"
"1"," [317]"
"1"," ""韓元KRW/USD""  "
"1"," ""韓元KRW/USD""  "
"1"," ""韓元KRW/USD""  "
"1"," ""韓元KRW/USD""  "
"1","
"
"1"," [321]"
"1"," ""韓元KRW/USD""  "
"1"," ""韓元KRW/USD""  "
"1"," ""韓元KRW/USD""  "
"1"," ""韓元KRW/USD""  "
"1","
"
"1"," [325]"
"1"," ""韓元KRW/USD""  "
"1"," ""韓元KRW/USD""  "
"1"," ""韓元KRW/USD""  "
"1"," ""韓元KRW/USD""  "
"1","
"
"1"," [329]"
"1"," ""韓元KRW/USD""  "
"1"," ""韓元KRW/USD""  "
"1"," ""韓元KRW/USD""  "
"1"," ""韓元KRW/USD""  "
"1","
"
"1"," [333]"
"1"," ""韓元KRW/USD""  "
"1"," ""韓元KRW/USD""  "
"1"," ""韓元KRW/USD""  "
"1"," ""韓元KRW/USD""  "
"1","
"
"1"," [337]"
"1"," ""韓元KRW/USD""  "
"1"," ""韓元KRW/USD""  "
"1"," ""韓元KRW/USD""  "
"1"," ""韓元KRW/USD""  "
"1","
"
"1"," [341]"
"1"," ""韓元KRW/USD""  "
"1"," ""韓元KRW/USD""  "
"1"," ""韓元KRW/USD""  "
"1"," ""韓元KRW/USD""  "
"1","
"
"1"," [345]"
"1"," ""韓元KRW/USD""  "
"1"," ""韓元KRW/USD""  "
"1"," ""韓元KRW/USD""  "
"1"," ""韓元KRW/USD""  "
"1","
"
"1"," [349]"
"1"," ""韓元KRW/USD""  "
"1"," ""韓元KRW/USD""  "
"1"," ""韓元KRW/USD""  "
"1"," ""韓元KRW/USD""  "
"1","
"
"1"," [353]"
"1"," ""韓元KRW/USD""  "
"1"," ""韓元KRW/USD""  "
"1"," ""韓元KRW/USD""  "
"1"," ""韓元KRW/USD""  "
"1","
"
"1"," [357]"
"1"," ""韓元KRW/USD""  "
"1"," ""韓元KRW/USD""  "
"1"," ""韓元KRW/USD""  "
"1"," ""韓元KRW/USD""  "
"1","
"
"1"," [361]"
"1"," ""韓元KRW/USD""  "
"1"," ""韓元KRW/USD""  "
"1"," ""韓元KRW/USD""  "
"1"," ""韓元KRW/USD""  "
"1","
"
"1"," [365]"
"1"," ""韓元KRW/USD""  "
"1"," ""韓元KRW/USD""  "
"1"," ""韓元KRW/USD""  "
"1"," ""韓元KRW/USD""  "
"1","
"
"1"," [369]"
"1"," ""韓元KRW/USD""  "
"1"," ""韓元KRW/USD""  "
"1"," ""韓元KRW/USD""  "
"1"," ""韓元KRW/USD""  "
"1","
"
"1"," [373]"
"1"," ""韓元KRW/USD""  "
"1"," ""韓元KRW/USD""  "
"1"," ""韓元KRW/USD""  "
"1"," ""韓元KRW/USD""  "
"1","
"
"1"," [377]"
"1"," ""韓元KRW/USD""  "
"1"," ""韓元KRW/USD""  "
"1"," ""韓元KRW/USD""  "
"1"," ""韓元KRW/USD""  "
"1","
"
"1"," [381]"
"1"," ""韓元KRW/USD""  "
"1"," ""韓元KRW/USD""  "
"1"," ""韓元KRW/USD""  "
"1"," ""韓元KRW/USD""  "
"1","
"
"1"," [385]"
"1"," ""韓元KRW/USD""  "
"1"," ""韓元KRW/USD""  "
"1"," ""韓元KRW/USD""  "
"1"," ""韓元KRW/USD""  "
"1","
"
"1"," [389]"
"1"," ""韓元KRW/USD""  "
"1"," ""韓元KRW/USD""  "
"1"," ""韓元KRW/USD""  "
"1"," ""韓元KRW/USD""  "
"1","
"
"1"," [393]"
"1"," ""韓元KRW/USD""  "
"1"," ""韓元KRW/USD""  "
"1"," ""韓元KRW/USD""  "
"1"," ""韓元KRW/USD""  "
"1","
"
"1"," [397]"
"1"," ""韓元KRW/USD""  "
"1"," ""韓元KRW/USD""  "
"1"," ""韓元KRW/USD""  "
"1"," ""韓元KRW/USD""  "
"1","
"
"1"," [401]"
"1"," ""韓元KRW/USD""  "
"1"," ""韓元KRW/USD""  "
"1"," ""韓元KRW/USD""  "
"1"," ""韓元KRW/USD""  "
"1","
"
"1"," [405]"
"1"," ""韓元KRW/USD""  "
"1"," ""韓元KRW/USD""  "
"1"," ""韓元KRW/USD""  "
"1"," ""韓元KRW/USD""  "
"1","
"
"1"," [409]"
"1"," ""韓元KRW/USD""  "
"1"," ""韓元KRW/USD""  "
"1"," ""韓元KRW/USD""  "
"1"," ""韓元KRW/USD""  "
"1","
"
"1"," [413]"
"1"," ""韓元KRW/USD""  "
"1"," ""韓元KRW/USD""  "
"1"," ""韓元KRW/USD""  "
"1"," ""韓元KRW/USD""  "
"1","
"
"1"," [417]"
"1"," ""韓元KRW/USD""  "
"1"," ""韓元KRW/USD""  "
"1"," ""韓元KRW/USD""  "
"1"," ""韓元KRW/USD""  "
"1","
"
"1"," [421]"
"1"," ""韓元KRW/USD""  "
"1"," ""韓元KRW/USD""  "
"1"," ""韓元KRW/USD""  "
"1"," ""韓元KRW/USD""  "
"1","
"
"1"," [425]"
"1"," ""韓元KRW/USD""  "
"1"," ""韓元KRW/USD""  "
"1"," ""韓元KRW/USD""  "
"1"," ""韓元KRW/USD""  "
"1","
"
"1"," [429]"
"1"," ""韓元KRW/USD""  "
"1"," ""韓元KRW/USD""  "
"1"," ""韓元KRW/USD""  "
"1"," ""韓元KRW/USD""  "
"1","
"
"1"," [433]"
"1"," ""韓元KRW/USD""  "
"1"," ""韓元KRW/USD""  "
"1"," ""韓元KRW/USD""  "
"1"," ""韓元KRW/USD""  "
"1","
"
"1"," [437]"
"1"," ""韓元KRW/USD""  "
"1"," ""韓元KRW/USD""  "
"1"," ""韓元KRW/USD""  "
"1"," ""韓元KRW/USD""  "
"1","
"
"1"," [441]"
"1"," ""韓元KRW/USD""  "
"1"," ""韓元KRW/USD""  "
"1"," ""韓元KRW/USD""  "
"1"," ""韓元KRW/USD""  "
"1","
"
"1"," [445]"
"1"," ""韓元KRW/USD""  "
"1"," ""韓元KRW/USD""  "
"1"," ""韓元KRW/USD""  "
"1"," ""韓元KRW/USD""  "
"1","
"
"1"," [449]"
"1"," ""韓元KRW/USD""  "
"1"," ""韓元KRW/USD""  "
"1"," ""韓元KRW/USD""  "
"1"," ""韓元KRW/USD""  "
"1","
"
"1"," [453]"
"1"," ""韓元KRW/USD""  "
"1"," ""韓元KRW/USD""  "
"1"," ""韓元KRW/USD""  "
"1"," ""韓元KRW/USD""  "
"1","
"
"1"," [457]"
"1"," ""韓元KRW/USD""  "
"1"," ""韓元KRW/USD""  "
"1"," ""韓元KRW/USD""  "
"1"," ""韓元KRW/USD""  "
"1","
"
"1"," [461]"
"1"," ""韓元KRW/USD""  "
"1"," ""韓元KRW/USD""  "
"1"," ""韓元KRW/USD""  "
"1"," ""韓元KRW/USD""  "
"1","
"
"1"," [465]"
"1"," ""韓元KRW/USD""  "
"1"," ""韓元KRW/USD""  "
"1"," ""韓元KRW/USD""  "
"1"," ""韓元KRW/USD""  "
"1","
"
"1"," [469]"
"1"," ""韓元KRW/USD""  "
"1"," ""韓元KRW/USD""  "
"1"," ""韓元KRW/USD""  "
"1"," ""韓元KRW/USD""  "
"1","
"
"1"," [473]"
"1"," ""韓元KRW/USD""  "
"1"," ""韓元KRW/USD""  "
"1"," ""韓元KRW/USD""  "
"1"," ""韓元KRW/USD""  "
"1","
"
"1"," [477]"
"1"," ""韓元KRW/USD""  "
"1"," ""韓元KRW/USD""  "
"1"," ""韓元KRW/USD""  "
"1"," ""韓元KRW/USD""  "
"1","
"
"1"," [481]"
"1"," ""韓元KRW/USD""  "
"1"," ""韓元KRW/USD""  "
"1"," ""韓元KRW/USD""  "
"1"," ""韓元KRW/USD""  "
"1","
"
"1"," [485]"
"1"," ""韓元KRW/USD""  "
"1"," ""韓元KRW/USD""  "
"1"," ""韓元KRW/USD""  "
"1"," ""韓元KRW/USD""  "
"1","
"
"1"," [489]"
"1"," ""韓元KRW/USD""  "
"1"," ""韓元KRW/USD""  "
"1"," ""韓元KRW/USD""  "
"1"," ""韓元KRW/USD""  "
"1","
"
"1"," [493]"
"1"," ""韓元KRW/USD""  "
"1"," ""韓元KRW/USD""  "
"1"," ""韓元KRW/USD""  "
"1"," ""韓元KRW/USD""  "
"1","
"
"1"," [497]"
"1"," ""韓元KRW/USD""  "
"1"," ""韓元KRW/USD""  "
"1"," ""人民幣CNY/USD"""
"1"," ""人民幣CNY/USD"""
"1","
"
"1"," [501]"
"1"," ""人民幣CNY/USD"""
"1"," ""人民幣CNY/USD"""
"1"," ""人民幣CNY/USD"""
"1"," ""人民幣CNY/USD"""
"1","
"
"1"," [505]"
"1"," ""人民幣CNY/USD"""
"1"," ""人民幣CNY/USD"""
"1"," ""人民幣CNY/USD"""
"1"," ""人民幣CNY/USD"""
"1","
"
"1"," [509]"
"1"," ""人民幣CNY/USD"""
"1"," ""人民幣CNY/USD"""
"1"," ""人民幣CNY/USD"""
"1"," ""人民幣CNY/USD"""
"1","
"
"1"," [513]"
"1"," ""人民幣CNY/USD"""
"1"," ""人民幣CNY/USD"""
"1"," ""人民幣CNY/USD"""
"1"," ""人民幣CNY/USD"""
"1","
"
"1"," [517]"
"1"," ""人民幣CNY/USD"""
"1"," ""人民幣CNY/USD"""
"1"," ""人民幣CNY/USD"""
"1"," ""人民幣CNY/USD"""
"1","
"
"1"," [521]"
"1"," ""人民幣CNY/USD"""
"1"," ""人民幣CNY/USD"""
"1"," ""人民幣CNY/USD"""
"1"," ""人民幣CNY/USD"""
"1","
"
"1"," [525]"
"1"," ""人民幣CNY/USD"""
"1"," ""人民幣CNY/USD"""
"1"," ""人民幣CNY/USD"""
"1"," ""人民幣CNY/USD"""
"1","
"
"1"," [529]"
"1"," ""人民幣CNY/USD"""
"1"," ""人民幣CNY/USD"""
"1"," ""人民幣CNY/USD"""
"1"," ""人民幣CNY/USD"""
"1","
"
"1"," [533]"
"1"," ""人民幣CNY/USD"""
"1"," ""人民幣CNY/USD"""
"1"," ""人民幣CNY/USD"""
"1"," ""人民幣CNY/USD"""
"1","
"
"1"," [537]"
"1"," ""人民幣CNY/USD"""
"1"," ""人民幣CNY/USD"""
"1"," ""人民幣CNY/USD"""
"1"," ""人民幣CNY/USD"""
"1","
"
"1"," [541]"
"1"," ""人民幣CNY/USD"""
"1"," ""人民幣CNY/USD"""
"1"," ""人民幣CNY/USD"""
"1"," ""人民幣CNY/USD"""
"1","
"
"1"," [545]"
"1"," ""人民幣CNY/USD"""
"1"," ""人民幣CNY/USD"""
"1"," ""人民幣CNY/USD"""
"1"," ""人民幣CNY/USD"""
"1","
"
"1"," [549]"
"1"," ""人民幣CNY/USD"""
"1"," ""人民幣CNY/USD"""
"1"," ""人民幣CNY/USD"""
"1"," ""人民幣CNY/USD"""
"1","
"
"1"," [553]"
"1"," ""人民幣CNY/USD"""
"1"," ""人民幣CNY/USD"""
"1"," ""人民幣CNY/USD"""
"1"," ""人民幣CNY/USD"""
"1","
"
"1"," [557]"
"1"," ""人民幣CNY/USD"""
"1"," ""人民幣CNY/USD"""
"1"," ""人民幣CNY/USD"""
"1"," ""人民幣CNY/USD"""
"1","
"
"1"," [561]"
"1"," ""人民幣CNY/USD"""
"1"," ""人民幣CNY/USD"""
"1"," ""人民幣CNY/USD"""
"1"," ""人民幣CNY/USD"""
"1","
"
"1"," [565]"
"1"," ""人民幣CNY/USD"""
"1"," ""人民幣CNY/USD"""
"1"," ""人民幣CNY/USD"""
"1"," ""人民幣CNY/USD"""
"1","
"
"1"," [569]"
"1"," ""人民幣CNY/USD"""
"1"," ""人民幣CNY/USD"""
"1"," ""人民幣CNY/USD"""
"1"," ""人民幣CNY/USD"""
"1","
"
"1"," [573]"
"1"," ""人民幣CNY/USD"""
"1"," ""人民幣CNY/USD"""
"1"," ""人民幣CNY/USD"""
"1"," ""人民幣CNY/USD"""
"1","
"
"1"," [577]"
"1"," ""人民幣CNY/USD"""
"1"," ""人民幣CNY/USD"""
"1"," ""人民幣CNY/USD"""
"1"," ""人民幣CNY/USD"""
"1","
"
"1"," [581]"
"1"," ""人民幣CNY/USD"""
"1"," ""人民幣CNY/USD"""
"1"," ""人民幣CNY/USD"""
"1"," ""人民幣CNY/USD"""
"1","
"
"1"," [585]"
"1"," ""人民幣CNY/USD"""
"1"," ""人民幣CNY/USD"""
"1"," ""人民幣CNY/USD"""
"1"," ""人民幣CNY/USD"""
"1","
"
"1"," [589]"
"1"," ""人民幣CNY/USD"""
"1"," ""人民幣CNY/USD"""
"1"," ""人民幣CNY/USD"""
"1"," ""人民幣CNY/USD"""
"1","
"
"1"," [593]"
"1"," ""人民幣CNY/USD"""
"1"," ""人民幣CNY/USD"""
"1"," ""人民幣CNY/USD"""
"1"," ""人民幣CNY/USD"""
"1","
"
"1"," [597]"
"1"," ""人民幣CNY/USD"""
"1"," ""人民幣CNY/USD"""
"1"," ""人民幣CNY/USD"""
"1"," ""人民幣CNY/USD"""
"1","
"
"1"," [601]"
"1"," ""人民幣CNY/USD"""
"1"," ""人民幣CNY/USD"""
"1"," ""人民幣CNY/USD"""
"1"," ""人民幣CNY/USD"""
"1","
"
"1"," [605]"
"1"," ""人民幣CNY/USD"""
"1"," ""人民幣CNY/USD"""
"1"," ""人民幣CNY/USD"""
"1"," ""人民幣CNY/USD"""
"1","
"
"1"," [609]"
"1"," ""人民幣CNY/USD"""
"1"," ""人民幣CNY/USD"""
"1"," ""人民幣CNY/USD"""
"1"," ""人民幣CNY/USD"""
"1","
"
"1"," [613]"
"1"," ""人民幣CNY/USD"""
"1"," ""人民幣CNY/USD"""
"1"," ""人民幣CNY/USD"""
"1"," ""人民幣CNY/USD"""
"1","
"
"1"," [617]"
"1"," ""人民幣CNY/USD"""
"1"," ""人民幣CNY/USD"""
"1"," ""人民幣CNY/USD"""
"1"," ""人民幣CNY/USD"""
"1","
"
"1"," [621]"
"1"," ""人民幣CNY/USD"""
"1"," ""人民幣CNY/USD"""
"1"," ""人民幣CNY/USD"""
"1"," ""人民幣CNY/USD"""
"1","
"
"1"," [625]"
"1"," ""人民幣CNY/USD"""
"1"," ""人民幣CNY/USD"""
"1"," ""人民幣CNY/USD"""
"1"," ""人民幣CNY/USD"""
"1","
"
"1"," [629]"
"1"," ""人民幣CNY/USD"""
"1"," ""人民幣CNY/USD"""
"1"," ""人民幣CNY/USD"""
"1"," ""人民幣CNY/USD"""
"1","
"
"1"," [633]"
"1"," ""人民幣CNY/USD"""
"1"," ""人民幣CNY/USD"""
"1"," ""人民幣CNY/USD"""
"1"," ""人民幣CNY/USD"""
"1","
"
"1"," [637]"
"1"," ""人民幣CNY/USD"""
"1"," ""人民幣CNY/USD"""
"1"," ""人民幣CNY/USD"""
"1"," ""人民幣CNY/USD"""
"1","
"
"1"," [641]"
"1"," ""人民幣CNY/USD"""
"1"," ""人民幣CNY/USD"""
"1"," ""人民幣CNY/USD"""
"1"," ""人民幣CNY/USD"""
"1","
"
"1"," [645]"
"1"," ""人民幣CNY/USD"""
"1"," ""人民幣CNY/USD"""
"1"," ""人民幣CNY/USD"""
"1"," ""人民幣CNY/USD"""
"1","
"
"1"," [649]"
"1"," ""人民幣CNY/USD"""
"1"," ""人民幣CNY/USD"""
"1"," ""人民幣CNY/USD"""
"1"," ""人民幣CNY/USD"""
"1","
"
"1"," [653]"
"1"," ""人民幣CNY/USD"""
"1"," ""人民幣CNY/USD"""
"1"," ""人民幣CNY/USD"""
"1"," ""人民幣CNY/USD"""
"1","
"
"1"," [657]"
"1"," ""人民幣CNY/USD"""
"1"," ""人民幣CNY/USD"""
"1"," ""人民幣CNY/USD"""
"1"," ""人民幣CNY/USD"""
"1","
"
"1"," [661]"
"1"," ""人民幣CNY/USD"""
"1"," ""人民幣CNY/USD"""
"1"," ""人民幣CNY/USD"""
"1"," ""人民幣CNY/USD"""
"1","
"
"1"," [665]"
"1"," ""人民幣CNY/USD"""
"1"," ""人民幣CNY/USD"""
"1"," ""人民幣CNY/USD"""
"1"," ""人民幣CNY/USD"""
"1","
"
"1"," [669]"
"1"," ""人民幣CNY/USD"""
"1"," ""人民幣CNY/USD"""
"1"," ""人民幣CNY/USD"""
"1"," ""人民幣CNY/USD"""
"1","
"
"1"," [673]"
"1"," ""人民幣CNY/USD"""
"1"," ""人民幣CNY/USD"""
"1"," ""人民幣CNY/USD"""
"1"," ""人民幣CNY/USD"""
"1","
"
"1"," [677]"
"1"," ""人民幣CNY/USD"""
"1"," ""人民幣CNY/USD"""
"1"," ""人民幣CNY/USD"""
"1"," ""人民幣CNY/USD"""
"1","
"
"1"," [681]"
"1"," ""人民幣CNY/USD"""
"1"," ""人民幣CNY/USD"""
"1"," ""人民幣CNY/USD"""
"1"," ""人民幣CNY/USD"""
"1","
"
"1"," [685]"
"1"," ""人民幣CNY/USD"""
"1"," ""人民幣CNY/USD"""
"1"," ""人民幣CNY/USD"""
"1"," ""人民幣CNY/USD"""
"1","
"
"1"," [689]"
"1"," ""人民幣CNY/USD"""
"1"," ""人民幣CNY/USD"""
"1"," ""人民幣CNY/USD"""
"1"," ""人民幣CNY/USD"""
"1","
"
"1"," [693]"
"1"," ""人民幣CNY/USD"""
"1"," ""人民幣CNY/USD"""
"1"," ""人民幣CNY/USD"""
"1"," ""人民幣CNY/USD"""
"1","
"
"1"," [697]"
"1"," ""人民幣CNY/USD"""
"1"," ""人民幣CNY/USD"""
"1"," ""人民幣CNY/USD"""
"1"," ""人民幣CNY/USD"""
"1","
"
"1"," [701]"
"1"," ""人民幣CNY/USD"""
"1"," ""人民幣CNY/USD"""
"1"," ""人民幣CNY/USD"""
"1"," ""人民幣CNY/USD"""
"1","
"
"1"," [705]"
"1"," ""人民幣CNY/USD"""
"1"," ""人民幣CNY/USD"""
"1"," ""人民幣CNY/USD"""
"1"," ""人民幣CNY/USD"""
"1","
"
"1"," [709]"
"1"," ""人民幣CNY/USD"""
"1"," ""人民幣CNY/USD"""
"1"," ""人民幣CNY/USD"""
"1"," ""人民幣CNY/USD"""
"1","
"
"1"," [713]"
"1"," ""人民幣CNY/USD"""
"1"," ""人民幣CNY/USD"""
"1"," ""人民幣CNY/USD"""
"1"," ""人民幣CNY/USD"""
"1","
"
"1"," [717]"
"1"," ""人民幣CNY/USD"""
"1"," ""人民幣CNY/USD"""
"1"," ""人民幣CNY/USD"""
"1"," ""人民幣CNY/USD"""
"1","
"
"1"," [721]"
"1"," ""人民幣CNY/USD"""
"1"," ""人民幣CNY/USD"""
"1"," ""人民幣CNY/USD"""
"1"," ""人民幣CNY/USD"""
"1","
"
"1"," [725]"
"1"," ""人民幣CNY/USD"""
"1"," ""人民幣CNY/USD"""
"1"," ""人民幣CNY/USD"""
"1"," ""人民幣CNY/USD"""
"1","
"
"1"," [729]"
"1"," ""人民幣CNY/USD"""
"1"," ""人民幣CNY/USD"""
"1"," ""人民幣CNY/USD"""
"1"," ""人民幣CNY/USD"""
"1","
"
"1"," [733]"
"1"," ""人民幣CNY/USD"""
"1"," ""人民幣CNY/USD"""
"1"," ""人民幣CNY/USD"""
"1"," ""人民幣CNY/USD"""
"1","
"
"1"," [737]"
"1"," ""人民幣CNY/USD"""
"1"," ""人民幣CNY/USD"""
"1"," ""人民幣CNY/USD"""
"1"," ""人民幣CNY/USD"""
"1","
"
"1"," [741]"
"1"," ""人民幣CNY/USD"""
"1"," ""人民幣CNY/USD"""
"1"," ""人民幣CNY/USD"""
"1"," ""人民幣CNY/USD"""
"1","
"
"1"," [745]"
"1"," ""人民幣CNY/USD"""
"1"," ""人民幣CNY/USD"""
"1"," ""人民幣CNY/USD"""
"1"," ""日圓JPY/USD""  "
"1","
"
"1"," [749]"
"1"," ""日圓JPY/USD""  "
"1"," ""日圓JPY/USD""  "
"1"," ""日圓JPY/USD""  "
"1"," ""日圓JPY/USD""  "
"1","
"
"1"," [753]"
"1"," ""日圓JPY/USD""  "
"1"," ""日圓JPY/USD""  "
"1"," ""日圓JPY/USD""  "
"1"," ""日圓JPY/USD""  "
"1","
"
"1"," [757]"
"1"," ""日圓JPY/USD""  "
"1"," ""日圓JPY/USD""  "
"1"," ""日圓JPY/USD""  "
"1"," ""日圓JPY/USD""  "
"1","
"
"1"," [761]"
"1"," ""日圓JPY/USD""  "
"1"," ""日圓JPY/USD""  "
"1"," ""日圓JPY/USD""  "
"1"," ""日圓JPY/USD""  "
"1","
"
"1"," [765]"
"1"," ""日圓JPY/USD""  "
"1"," ""日圓JPY/USD""  "
"1"," ""日圓JPY/USD""  "
"1"," ""日圓JPY/USD""  "
"1","
"
"1"," [769]"
"1"," ""日圓JPY/USD""  "
"1"," ""日圓JPY/USD""  "
"1"," ""日圓JPY/USD""  "
"1"," ""日圓JPY/USD""  "
"1","
"
"1"," [773]"
"1"," ""日圓JPY/USD""  "
"1"," ""日圓JPY/USD""  "
"1"," ""日圓JPY/USD""  "
"1"," ""日圓JPY/USD""  "
"1","
"
"1"," [777]"
"1"," ""日圓JPY/USD""  "
"1"," ""日圓JPY/USD""  "
"1"," ""日圓JPY/USD""  "
"1"," ""日圓JPY/USD""  "
"1","
"
"1"," [781]"
"1"," ""日圓JPY/USD""  "
"1"," ""日圓JPY/USD""  "
"1"," ""日圓JPY/USD""  "
"1"," ""日圓JPY/USD""  "
"1","
"
"1"," [785]"
"1"," ""日圓JPY/USD""  "
"1"," ""日圓JPY/USD""  "
"1"," ""日圓JPY/USD""  "
"1"," ""日圓JPY/USD""  "
"1","
"
"1"," [789]"
"1"," ""日圓JPY/USD""  "
"1"," ""日圓JPY/USD""  "
"1"," ""日圓JPY/USD""  "
"1"," ""日圓JPY/USD""  "
"1","
"
"1"," [793]"
"1"," ""日圓JPY/USD""  "
"1"," ""日圓JPY/USD""  "
"1"," ""日圓JPY/USD""  "
"1"," ""日圓JPY/USD""  "
"1","
"
"1"," [797]"
"1"," ""日圓JPY/USD""  "
"1"," ""日圓JPY/USD""  "
"1"," ""日圓JPY/USD""  "
"1"," ""日圓JPY/USD""  "
"1","
"
"1"," [801]"
"1"," ""日圓JPY/USD""  "
"1"," ""日圓JPY/USD""  "
"1"," ""日圓JPY/USD""  "
"1"," ""日圓JPY/USD""  "
"1","
"
"1"," [805]"
"1"," ""日圓JPY/USD""  "
"1"," ""日圓JPY/USD""  "
"1"," ""日圓JPY/USD""  "
"1"," ""日圓JPY/USD""  "
"1","
"
"1"," [809]"
"1"," ""日圓JPY/USD""  "
"1"," ""日圓JPY/USD""  "
"1"," ""日圓JPY/USD""  "
"1"," ""日圓JPY/USD""  "
"1","
"
"1"," [813]"
"1"," ""日圓JPY/USD""  "
"1"," ""日圓JPY/USD""  "
"1"," ""日圓JPY/USD""  "
"1"," ""日圓JPY/USD""  "
"1","
"
"1"," [817]"
"1"," ""日圓JPY/USD""  "
"1"," ""日圓JPY/USD""  "
"1"," ""日圓JPY/USD""  "
"1"," ""日圓JPY/USD""  "
"1","
"
"1"," [821]"
"1"," ""日圓JPY/USD""  "
"1"," ""日圓JPY/USD""  "
"1"," ""日圓JPY/USD""  "
"1"," ""日圓JPY/USD""  "
"1","
"
"1"," [825]"
"2","
"
"2","
"
